,lr,knn,dt,rf,adb,svm,gdbst,xgbst
0,0.8316085368480579,0.809588147462399,0.8153927073088749,0.8246061835882195,0.8284452074871236,0.830809888444619,0.8309942155002036,0.8303799837482473
