,lr,knn,dt,rf,adb,svm,gdbst,xgbst
0,0.8316085368480579,0.809588147462399,0.8155769541997087,0.8234698293830031,0.8284452074871236,0.830809888444619,0.830717845163953,0.8303799837482473
