,0,1,accuracy,macro avg,weighted avg
precision,0.8703084832904884,0.6385118149824032,0.8231139318251612,0.7544101491364458,0.8162328760559581
recall,0.9040053404539385,0.5572619569986836,0.8231139318251612,0.7306336487263111,0.8231139318251612
f1-score,0.8868369351669941,0.5951265229615744,0.8231139318251612,0.7409817290642843,0.8187841120104632
support,7490.0,2279.0,0.8231139318251612,9769.0,9769.0
