,0,1,accuracy,macro avg,weighted avg
precision,0.873514211886305,0.6407097092163627,0.8251612242808886,0.7571119605513339,0.8192034880061946
recall,0.9026702269692924,0.5704256252742431,0.8251612242808886,0.7365479261217678,0.8251612242808886
f1-score,0.8878529218647406,0.6035283194057567,0.8251612242808886,0.7456906206352487,0.8215231266959389
support,7490.0,2279.0,0.8251612242808886,9769.0,9769.0
