,lr,knn,dt,rf,adb,svm,gdboost,xgboost
0,0.732348264850428,0.730196382949681,0.7242723514342071,0.7322744205964834,0.7270257959859893,0.7300785719265295,0.7292958697013597,0.7379197713376502
